user_id,movie_id,reward
515,9,1
392,8,0
258,7,0
780,8,0
405,7,1
627,2,1
275,1,0
65,5,0
572,6,0
174,0,0
537,1,0
455,4,0
715,4,0
844,2,0
102,6,0
276,8,0
691,1,0
752,6,0
88,6,1
20,0,0
605,2,1
577,4,1
84,6,1
259,7,0
374,3,0
24,5,0
663,0,0
67,3,0
368,2,0
484,0,1
139,7,0
459,1,0
388,0,1
55,3,0
105,7,0
460,7,0
204,5,0
897,7,1
408,7,0
438,3,1
539,6,0
552,5,0
691,8,0
407,2,1
372,6,1
136,5,1
137,9,1
803,6,1
874,2,0
28,6,0
121,0,0
760,1,0
407,5,0
642,0,1
302,5,0
99,3,0
237,6,0
496,1,1
905,2,0
265,0,1
224,8,0
439,7,0
20,4,0
901,1,0
730,1,0
445,2,0
736,6,0
916,0,0
44,2,1
383,6,1
11,3,0
502,8,0
725,6,1
262,0,0
472,5,1
64,3,0
484,5,1
163,5,0
36,7,0
515,7,0
761,8,0
258,8,0
193,7,0
41,0,0
523,5,1
852,3,0
380,4,0
759,1,0
897,1,1
134,5,0
510,7,0
509,8,0
783,6,0
596,5,0
677,8,1
833,1,0
286,7,1
80,2,1
128,3,0
869,4,0
728,6,0
28,7,1
112,8,0
735,5,0
648,3,1
582,4,0
411,4,1
903,3,0
233,1,0
447,9,0
407,3,0
48,1,0
466,5,0
877,6,0
232,1,0
682,7,0
516,1,1
330,6,1
285,7,1
229,7,0
379,2,1
893,1,1
245,5,0
305,2,0
429,5,0
870,4,0
58,4,0
79,1,0
161,1,0
489,7,0
148,0,0
165,7,0
170,7,0
922,0,1
517,4,0
653,4,0
839,6,0
164,5,1
650,0,0
102,1,0
439,2,0
333,9,0
870,7,0
330,3,0
388,8,0
112,9,0
83,0,0
54,5,0
733,7,0
116,4,0
141,7,0
117,0,0
101,0,0
346,4,1
452,3,1
270,7,1
21,5,0
378,0,0
356,6,0
853,5,0
496,4,1
374,4,0
496,7,0
294,0,1
898,7,0
815,0,1
141,2,0
268,2,0
613,1,1
487,1,0
826,7,0
938,9,0
332,5,1
498,5,0
660,1,0
155,6,0
706,5,0
41,1,1
774,3,0
201,2,0
943,2,1
336,0,0
474,8,0
569,9,0
77,4,0
106,6,0
108,3,0
313,3,0
252,0,1
689,3,1
183,1,0
485,7,0
839,3,0
541,5,0
370,2,0
827,7,0
240,6,1
811,5,1
666,4,0
188,3,0
246,2,0
637,6,1
505,8,0
32,8,0
193,5,0
709,1,1
452,1,1
832,6,0
610,1,0
312,4,0
548,9,1
499,9,0
490,1,1
457,8,0
278,5,0
742,0,0
756,5,0
59,6,0
324,6,1
803,9,0
896,7,0
85,6,0
609,0,0
873,5,0
554,7,0
784,9,0
483,3,0
833,3,0
846,8,0
192,2,1
311,8,0
787,8,0
282,7,0
279,2,0
495,7,0
450,7,0
288,1,0
244,0,0
1,4,1
79,5,1
623,6,0
711,5,0
552,0,0
919,5,0
606,5,0
619,9,1
76,6,1
759,4,1
328,2,1
146,5,0
725,5,0
682,0,0
492,2,0
422,2,0
878,1,0
823,6,1
526,7,0
558,2,1
429,4,1
798,1,1
350,1,1
598,9,0
632,4,1
676,8,0
908,2,0
603,4,1
109,1,1
588,6,0
631,6,0
573,1,0
266,2,1
486,3,0
39,8,0
261,8,0
404,6,0
5,1,0
551,1,0
24,6,1
678,4,0
145,2,1
186,9,1
870,0,1
637,8,0
755,6,1
661,8,0
459,3,1
257,2,1
663,4,0
227,8,0
396,0,0
879,1,0
790,8,0
649,1,0
175,1,1
238,4,0
472,7,1
695,7,0
934,1,1
592,5,1
848,4,1
340,4,0
222,8,0
611,9,1
395,7,0
868,1,1
708,3,0
614,0,1
15,6,0
93,0,1
753,6,0
43,9,1
176,5,0
200,5,0
805,1,0
7,8,0
494,2,1
862,1,1
60,1,1
885,0,1
692,0,0
450,8,0
460,0,0
679,0,0
447,3,1
761,5,0
738,1,1
760,9,0
921,4,1
579,0,0
425,5,0
654,0,0
453,1,1
680,3,0
205,5,0
692,8,0
603,2,0
698,3,0
915,9,0
875,5,0
102,9,0
129,7,0
749,3,0
286,2,0
378,1,0
294,5,0
839,2,0
59,2,1
890,0,0
247,0,0
889,4,0
328,6,1
413,2,0
579,5,1
487,8,0
132,6,0
18,2,1
222,3,0
437,4,0
327,2,0
398,1,1
843,7,0
523,1,1
786,6,0
303,5,0
846,5,0
96,2,1
33,7,0
619,3,1
507,4,1
750,5,0
239,2,0
488,2,0
709,7,1
633,1,0
668,8,0
287,1,1
276,3,0
913,4,0
92,4,0
133,8,0
634,8,0
680,2,0
466,8,0
506,4,1
624,1,1
491,2,1
517,9,1
563,4,0
224,9,0
52,5,1
269,1,0
181,8,0
456,4,0
605,0,0
733,6,0
860,8,0
246,0,0
541,1,1
141,5,1
441,8,0
463,0,0
362,5,0
465,2,0
99,0,0
553,1,0
168,8,0
401,4,0
494,3,0
889,0,0
510,6,0
57,8,0
66,6,0
2,8,0
373,4,1
247,3,0
223,5,0
643,1,0
494,1,1
304,9,1
168,2,0
569,1,1
808,7,0
802,7,0
725,8,0
534,8,1
79,7,0
829,0,0
270,4,0
554,1,0
419,9,0
825,4,0
653,0,0
579,2,0
112,6,0
643,4,0
691,0,1
514,5,0
501,3,0
881,8,0
511,8,0
162,8,0
747,4,1
817,5,0
94,1,1
663,8,0
303,9,0
470,2,0
395,2,0
393,1,1
605,6,0
102,7,0
339,1,0
329,4,0
634,2,0
562,0,0
296,8,0
827,8,0
42,1,1
251,4,0
27,7,0
144,4,0
460,6,0
733,2,1
164,4,1
804,2,1
936,2,0
168,9,1
710,0,0
14,3,0
504,1,0
158,4,0
770,9,1
924,7,0
806,4,0
773,0,0
106,0,0
663,2,0
835,8,0
779,5,1
625,6,0
324,5,0
341,7,0
445,9,0
296,0,1
815,5,0
386,1,0
904,7,0
39,9,0
780,9,0
235,1,1
556,8,0
200,0,1
686,4,0
54,1,1
293,6,0
430,6,0
466,4,0
398,0,1
514,1,1
362,8,0
344,2,1
676,4,1
499,5,0
216,1,0
460,8,0
6,8,0
708,9,0
305,0,1
825,2,0
357,5,0
738,4,0
701,9,0
526,4,0
930,1,0
220,8,0
4,1,1
657,5,0
479,0,1
230,0,1
50,7,0
919,7,0
340,0,1
130,0,1
827,9,0
537,2,0
486,7,0
509,5,0
204,9,0
743,6,0
13,4,1
938,5,1
464,5,1
751,1,1
123,1,0
105,6,0
233,6,0
648,7,0
86,5,1
583,5,0
924,0,1
43,5,1
882,5,0
619,4,0
188,7,0
376,4,0
151,3,1
743,8,0
515,5,0
99,4,1
860,2,0
85,2,0
367,7,1
641,1,0
620,7,0
253,3,1
323,1,1
34,8,0
926,9,0
262,5,0
300,7,0
841,6,1
872,5,0
429,9,0
14,4,1
151,1,1
10,0,0
162,1,1
910,2,0
339,2,1
508,0,1
268,4,0
628,7,1
941,0,1
773,6,0
665,1,0
467,5,0
178,9,1
603,8,0
624,8,0
573,5,0
374,8,0
381,1,1
730,4,0
4,5,1
924,6,0
117,7,0
435,9,0
834,7,1
401,3,0
227,2,1
378,4,0
789,8,0
937,6,0
171,6,0
743,9,0
833,7,0
69,2,1
296,4,1
205,8,0
864,6,1
26,8,0
633,9,0
750,7,0
286,0,0
68,6,1
831,5,0
694,4,1
902,8,0
74,9,0
259,6,0
26,0,0
145,3,0
324,1,1
752,8,0
387,8,0
890,1,1
246,3,0
796,8,0
163,9,0
579,8,0
291,4,1
351,9,1
659,5,0
13,0,0
66,9,1
154,7,0
66,5,0
255,8,0
738,2,0
41,4,0
21,2,1
395,4,1
899,4,0
188,4,0
755,8,0
420,7,0
532,2,1
671,3,0
638,3,0
42,3,0
535,3,0
111,5,0
296,2,1
872,7,1
224,6,0
736,1,0
789,0,0
669,5,0
274,2,1
864,4,1
904,9,0
493,3,1
320,2,0
189,0,1
254,3,0
184,1,0
654,9,1
83,1,0
614,2,1
908,9,0
759,5,0
303,7,0
485,8,0
448,7,0
192,5,1
597,8,0
14,7,0
394,1,1
916,6,0
176,8,0
717,6,0
136,2,1
113,2,0
582,9,0
394,8,0
873,8,0
526,5,0
201,3,0
206,8,0
526,1,1
614,3,0
606,4,1
717,7,0
5,0,0
782,9,0
771,4,0
793,1,1
266,6,0
328,5,1
686,1,0
115,1,1
306,2,0
227,3,0
628,9,1
868,2,1
825,1,0
156,2,0
140,7,0
462,2,0
110,7,0
195,4,1
895,2,0
941,9,0
758,4,0
23,8,0
43,8,1
63,3,0
787,5,1
488,4,0
577,0,1
844,4,1
831,0,0
879,3,0
777,2,0
474,1,1
16,7,0
487,5,1
332,9,1
411,1,1
53,1,0
841,9,0
636,0,0
784,6,0
184,3,0
438,2,0
20,1,0
85,9,0
783,7,0
51,1,1
733,0,0
616,5,0
486,9,0
144,8,0
288,2,1
594,1,0
648,8,0
377,5,0
938,6,0
78,8,0
759,8,1
592,1,1
476,7,0
468,2,1
486,6,0
798,4,1
430,2,1
561,5,0
880,0,0
77,0,1
841,7,0
675,6,0
533,9,0
922,8,0
226,6,0
198,0,0
221,5,0
236,6,1
329,5,0
787,9,0
832,4,0
710,2,0
339,3,0
833,2,0
671,4,1
764,0,0
913,1,0
51,4,1
22,4,1
549,2,0
160,1,0
186,8,0
632,0,0
497,4,1
833,4,0
623,1,1
43,6,0
637,0,0
189,4,0
157,0,1
152,8,0
870,2,0
624,3,0
542,1,0
328,3,0
244,8,0
108,0,0
887,3,1
930,7,0
743,4,0
92,3,1
629,9,0
290,4,1
739,2,1
719,9,0
658,1,0
924,2,0
328,8,0
215,9,0
142,7,0
875,1,1
416,0,1
654,4,0
661,3,0
87,9,0
707,8,0
545,5,0
62,4,0
355,7,1
293,3,0
407,0,0
875,7,0
830,0,0
716,1,1
698,4,0
389,9,0
773,4,1
390,6,0
125,1,1
454,9,0
169,1,1
714,4,1
926,8,0
40,8,0
293,9,0
935,9,0
432,5,0
85,4,0
254,4,1
863,8,0
749,0,0
361,3,0
744,1,0
771,8,0
38,0,1
119,2,1
509,4,0
877,5,0
789,7,0
276,2,1
230,1,1
125,0,0
140,6,1
656,9,0
247,5,1
139,6,0
116,7,0
413,9,0
265,5,0
639,6,0
743,5,1
794,0,0
864,3,0
655,9,0
486,8,0
70,3,0
452,7,0
724,7,0
347,3,0
698,9,0
769,5,0
509,7,1
799,5,1
877,7,0
141,6,0
107,7,0
287,3,0
101,4,0
940,8,0
887,5,0
595,4,1
746,0,0
424,9,0
391,6,0
193,6,0
867,9,0
500,8,0
750,6,0
561,4,0
679,3,0
247,1,1
684,1,0
871,5,1
243,6,0
493,7,0
70,1,0
241,9,0
521,9,0
90,6,1
678,2,1
14,2,1
650,6,0
592,8,0
70,9,0
892,2,1
412,7,0
578,5,0
906,3,0
374,0,0
21,9,0
548,8,0
507,1,1
867,0,0
624,7,0
896,1,1
805,8,0
816,5,0
87,3,1
435,1,1
526,2,1
410,9,0
626,7,0
498,3,0
194,3,0
344,5,0
531,9,0
630,3,0
140,5,0
900,2,0
387,5,0
544,8,0
818,7,1
505,5,0
364,8,1
15,3,0
416,1,1
774,4,0
294,9,0
68,3,0
69,9,0
350,4,0
550,3,1
330,0,1
549,3,0
301,3,0
427,6,0
693,5,0
761,1,1
258,9,1
645,4,0
611,7,0
595,1,1
615,2,0
847,0,0
57,4,1
526,9,0
795,1,0
864,5,1
197,6,0
332,3,1
821,4,0
286,5,0
650,3,0
259,8,0
934,0,0
629,6,0
764,6,0
456,5,0
526,3,0
110,9,0
197,4,1
848,3,0
687,7,0
553,2,1
497,7,0
521,7,0
537,0,0
209,0,1
289,0,0
740,5,0
486,2,1
840,9,0
712,8,0
143,7,1
595,8,0
678,0,1
443,6,1
85,5,0
321,6,0
825,5,0
721,0,1
592,2,1
74,3,0
656,6,0
524,2,1
7,6,0
500,5,0
439,9,0
810,8,1
274,0,0
846,4,1
131,2,1
128,0,0
68,4,1
53,5,0
99,9,0
654,8,0
279,3,0
781,1,1
290,3,0
853,7,0
710,9,0
724,6,0
642,1,1
923,3,0
546,8,0
503,2,1
790,4,0
705,6,0
430,1,0
515,6,0
929,0,0
479,9,0
244,4,0
451,7,1
886,4,1
73,7,0
288,9,1
790,3,0
103,9,0
704,2,0
153,4,0
534,9,0
612,9,0
500,2,0
478,0,0
851,6,0
877,9,0
627,3,0
246,4,1
311,5,0
374,2,1
900,3,0
19,8,0
839,5,0
52,3,0
444,5,0
890,6,1
654,3,0
381,2,0
764,1,0
299,4,0
902,4,0
409,6,1
392,4,1
490,2,0
363,7,0
280,7,1
301,1,1
413,6,1
287,8,1
662,1,0
939,3,1
608,6,0
95,3,0
102,5,0
854,1,0
683,9,0
760,7,0
634,6,1
398,4,0
404,8,0
301,9,0
285,5,0
155,7,0
424,1,0
710,4,0
588,8,0
206,9,0
773,3,0
416,8,0
336,1,0
177,5,0
179,9,0
468,8,0
725,7,0
596,6,0
270,5,0
931,6,1
433,9,0
881,2,0
92,7,0
314,3,0
470,0,0
292,1,0
489,5,1
230,4,0
292,9,0
834,1,1
360,2,1
500,3,0
394,4,0
423,5,1
89,3,1
390,4,0
408,5,0
390,9,1
643,0,1
43,3,0
512,0,0
228,6,1
593,7,0
257,7,0
856,5,0
225,6,0
735,9,0
897,4,0
402,0,1
334,6,0
251,5,0
130,3,1
209,1,1
863,7,0
245,1,0
891,4,0
390,5,1
555,3,0
203,2,0
593,6,1
210,0,1
418,5,1
369,4,1
97,2,0
622,0,0
535,0,0
897,3,1
690,3,0
138,3,0
350,5,0
716,8,0
356,9,0
694,2,0
756,0,0
828,7,0
666,6,1
307,1,1
659,1,0
538,1,1
374,1,0
126,8,0
323,6,0
500,4,0
92,0,0
7,2,1
442,8,0
402,2,1
638,4,1
396,9,0
605,3,0
238,6,1
632,1,1
646,5,0
347,7,1
924,5,0
796,9,0
304,8,0
174,6,1
308,4,0
851,1,1
487,4,0
546,5,0
854,6,0
880,1,1
430,3,0
428,8,0
938,3,1
348,2,0
113,8,0
249,4,0
882,8,0
886,1,1
475,6,0
588,3,1
141,4,0
364,7,0
222,9,1
259,4,0
161,4,0
343,6,0
768,0,1
183,3,0
150,3,0
328,4,0
70,4,0
306,5,0
834,8,0
937,5,0
879,9,0
312,1,1
315,6,1
193,0,0
894,1,0
13,7,0
294,4,1
154,5,0
414,5,1
418,9,0
547,8,0
384,9,0
673,8,0
190,7,1
178,7,1
572,9,0
16,8,0
346,7,0
298,6,0
482,1,0
589,7,1
157,1,0
908,7,0
579,7,0
104,1,1
244,1,1
1,5,1
781,5,0
466,1,1
763,2,1
206,7,1
540,1,1
875,9,0
138,0,0
646,6,0
531,7,0
283,1,1
272,7,0
901,3,0
434,0,0
735,4,0
454,6,0
896,0,0
850,1,1
244,3,0
197,9,0
699,9,0
818,9,0
619,5,1
340,1,0
721,1,1
480,8,0
582,7,0
449,2,1
770,8,0
710,6,0
941,4,1
550,0,0
843,5,0
590,6,1
73,0,0
223,7,0
715,1,1
940,4,0
416,6,1
664,3,0
481,4,1
552,6,0
251,1,1
254,6,0
276,1,1
87,2,1
844,3,0
714,0,0
288,3,0
133,9,0
102,0,0
327,5,0
394,7,0
262,1,0
74,2,0
894,3,0
720,6,1
627,5,0
880,9,0
77,1,0
537,5,0
831,4,1
497,8,0
527,4,0
564,9,0
628,5,1
207,2,0
48,8,0
562,6,0
14,1,1
46,2,0
83,3,0
550,1,1
880,3,0
348,8,0
465,1,0
561,3,0
584,1,0
320,7,0
29,9,0
709,4,0
696,6,1
235,4,0
598,6,1
868,0,0
121,4,1
215,4,0
533,7,0
335,7,0
293,4,0
577,2,0
560,3,0
869,7,0
632,5,0
178,2,0
882,0,1
891,3,0
676,2,1
521,5,0
60,4,0
315,7,0
875,6,0
130,6,1
562,1,1
759,9,1
491,8,0
692,9,0
400,5,1
936,0,0
249,2,1
298,4,0
441,2,0
665,0,0
931,3,0
591,6,0
746,4,1
812,8,1
923,1,1
363,0,0
540,6,0
256,8,0
94,4,0
277,6,1
313,1,1
221,6,0
544,5,0
782,4,0
559,9,0
820,7,1
861,6,0
165,5,1
134,6,0
867,8,0
666,7,0
736,4,0
845,6,1
756,1,0
44,4,0
416,7,1
800,0,0
331,2,0
164,2,1
510,8,0
104,4,1
421,1,1
63,8,0
391,5,0
248,8,0
401,8,0
3,5,0
418,7,1
64,4,0
684,2,0
528,5,0
316,6,1
89,1,1
125,8,0
862,7,1
58,1,0
135,7,0
25,4,1
674,0,0
514,8,0
365,0,0
931,5,0
257,1,1
902,9,0
82,0,0
392,1,1
634,3,1
576,8,0
616,6,1
669,0,1
118,5,1
63,0,0
898,5,0
806,6,0
264,6,0
542,0,0
796,2,0
891,6,1
63,1,0
495,3,1
885,9,0
77,2,0
550,5,1
500,9,0
605,7,1
771,5,1
621,0,0
809,5,0
600,4,0
852,1,1
9,1,1
310,4,0
388,7,1
389,0,0
461,3,0
697,3,0
69,4,1
782,5,0
657,6,0
881,3,1
454,5,0
837,5,0
411,5,0
487,6,0
600,1,0
753,9,0
193,2,1
526,0,1
880,2,1
62,0,0
699,3,0
283,2,0
148,4,1
798,0,0
887,4,1
400,9,0
785,1,1
384,6,0
351,7,0
706,2,0
742,8,0
464,9,0
358,5,0
445,1,0
919,4,0
260,7,0
703,7,0
546,4,1
730,3,0
80,1,0
560,5,1
588,5,0
749,2,0
231,0,0
275,0,0
763,0,0
508,4,0
586,3,1
322,0,0
880,5,0
268,0,0
793,3,0
250,1,1
199,0,0
400,8,0
819,5,0
831,2,0
807,4,1
299,6,0
295,3,0
199,6,1
838,0,1
61,8,0
445,3,0
624,0,0
433,8,0
725,4,0
445,7,0
264,7,1
481,1,0
15,4,1
104,3,0
933,3,0
655,7,0
333,2,0
826,0,0
830,1,1
89,4,0
7,7,0
820,5,0
416,9,0
521,3,0
108,2,0
550,8,0
399,2,0
347,8,0
174,1,0
392,6,0
781,2,1
646,9,0
854,3,0
165,4,1
391,9,0
192,1,0
275,5,0
641,5,0
318,1,0
278,6,1
1,3,0
244,2,0
669,4,1
54,0,0
871,4,0
758,6,1
337,3,1
107,5,0
687,6,0
936,8,0
271,0,0
781,7,0
343,7,0
642,7,0
114,2,1
425,3,0
248,2,0
60,3,0
129,6,1
907,7,1
502,9,0
580,8,0
37,7,0
710,5,0
130,2,0
709,8,0
937,2,0
578,9,0
21,7,0
88,9,0
846,7,0
920,7,0
68,5,1
919,0,0
482,5,0
310,1,1
837,4,0
313,5,0
220,9,1
171,5,0
21,3,0
268,5,0
936,6,1
618,7,0
21,0,1
487,0,1
550,4,1
802,6,0
59,3,0
568,6,0
82,3,0
369,1,1
149,6,1
587,7,0
462,9,1
701,1,1
706,0,0
219,5,1
694,1,1
42,4,1
104,9,0
458,1,0
56,5,0
235,2,0
588,0,0
255,9,0
453,2,1
893,7,0
512,6,1
404,7,0
458,7,0
49,2,0
119,9,1
538,8,0
560,2,1
733,8,0
450,1,1
497,0,0
141,1,0
936,9,0
203,1,1
791,1,1
924,4,0
655,0,0
310,5,0
158,6,0
458,0,0
264,8,0
627,9,0
116,8,0
653,5,0
147,6,1
173,9,0
281,8,0
82,1,1
607,2,0
821,0,1
665,4,0
864,8,0
53,3,0
249,9,0
802,9,0
715,7,0
889,3,0
789,2,1
759,3,1
549,1,1
596,9,0
201,5,0
561,2,0
637,4,0
78,7,0
32,4,0
823,2,1
498,7,0
213,5,0
624,9,0
697,9,1
293,1,1
789,4,0
838,6,0
41,2,0
297,9,0
830,4,1
851,3,0
607,3,0
251,2,0
847,3,0
298,0,1
677,7,1
464,8,0
91,9,0
399,1,0
387,7,0
203,4,1
261,9,1
897,8,0
699,0,0
380,0,0
395,9,0
900,7,0
201,4,0
375,9,0
625,3,0
810,7,0
282,5,1
448,5,0
642,3,1
856,8,0
671,7,1
602,4,1
599,0,0
593,0,0
104,8,0
216,2,1
805,5,0
181,0,0
733,3,0
113,7,0
740,9,0
620,3,1
71,6,0
425,9,0
203,0,0
821,8,0
13,8,0
720,5,0
823,0,0
907,1,0
117,3,0
119,7,0
214,7,0
757,2,0
118,7,1
551,5,0
661,0,1
344,0,0
181,5,0
207,8,0
444,9,0
454,2,0
104,5,0
876,8,0
695,6,0
756,2,1
234,0,0
548,2,1
835,1,0
774,1,0
903,2,1
297,0,0
788,5,0
401,2,0
791,6,0
705,4,1
921,7,0
740,6,1
498,4,0
488,1,0
64,7,0
684,4,0
648,6,0
75,2,1
760,5,1
830,7,0
582,3,0
580,5,1
221,7,0
456,2,0
868,3,0
127,1,0
255,2,0
663,3,0
671,1,1
235,0,0
323,2,0
646,8,0
441,7,0
323,5,0
858,6,0
403,0,0
127,8,0
772,5,1
306,6,0
66,1,1
492,6,0
479,5,1
419,0,0
620,0,1
214,2,0
732,7,0
583,6,0
761,7,0
395,5,0
137,3,1
292,0,0
867,1,1
134,8,0
683,6,0
835,6,0
82,7,0
938,7,1
253,0,1
170,9,1
334,1,1
84,3,0
466,9,0
253,8,0
703,0,0
84,9,0
501,7,0
312,0,1
935,0,0
931,2,0
303,4,1
91,4,1
176,2,1
314,8,1
746,3,0
457,4,0
707,2,1
62,8,0
262,3,0
262,2,0
864,0,1
294,1,1
801,8,1
199,5,0
630,2,0
417,6,1
59,5,0
347,2,0
738,3,0
240,9,0
120,0,0
829,5,0
580,1,1
438,9,0
663,5,0
707,6,1
882,7,0
38,7,1
673,6,0
77,3,0
893,6,0
430,7,0
294,6,1
76,2,1
228,7,0
452,4,0
260,5,0
308,8,0
127,9,1
458,2,0
699,2,0
151,6,1
55,4,0
331,6,0
442,2,0
821,2,0
804,3,0
429,7,0
546,7,0
151,0,1
378,9,0
938,1,1
198,4,0
918,0,0
654,5,0
910,6,0
64,5,0
299,1,0
567,1,0
859,8,0
426,2,0
28,1,0
259,3,0
534,0,1
45,0,1
799,6,1
137,0,0
456,0,0
417,5,0
713,6,0
625,4,0
579,6,0
505,9,0
729,8,0
417,0,0
927,7,1
716,9,1
166,6,0
166,9,1
567,2,0
395,1,1
48,4,1
389,6,0
13,9,0
777,7,0
611,6,1
767,9,0
280,6,0
630,5,0
486,4,0
202,6,0
441,0,1
853,8,0
930,2,0
552,8,0
637,3,0
922,5,0
643,7,0
588,1,1
23,1,0
176,6,0
664,6,0
504,3,0
347,9,1
397,6,0
841,5,1
548,3,1
594,4,0
444,2,1
86,9,0
913,0,0
652,7,0
450,6,0
115,3,0
520,9,0
554,6,0
922,7,0
712,4,1
836,5,0
74,8,0
286,4,0
537,4,0
479,7,0
456,1,0
299,2,0
703,5,0
465,9,0
295,0,0
182,2,0
499,1,0
6,1,0
376,2,0
723,6,0
329,1,0
533,4,1
644,4,0
533,2,1
95,1,1
783,8,0
584,5,0
788,2,1
316,1,0
758,7,0
490,4,0
101,3,0
20,3,0
907,5,0
388,9,0
569,0,0
514,4,0
741,7,0
457,7,0
181,3,0
902,5,0
681,5,0
794,4,0
281,9,0
432,3,0
630,7,0
253,9,0
586,4,0
63,6,0
135,8,0
899,1,1
408,6,0
429,0,0
83,8,0
63,7,0
113,6,0
835,7,0
816,9,0
91,8,0
26,4,0
239,7,0
323,3,0
566,1,0
757,7,0
271,3,0
932,2,1
368,7,0
3,9,0
25,5,1
682,4,1
619,8,0
75,3,0
345,6,0
457,1,1
826,8,0
472,2,1
345,8,0
222,7,0
834,5,0
804,8,1
231,3,0
507,8,1
893,0,1
23,4,0
284,9,0
745,5,1
422,7,0
755,5,1
727,5,0
164,3,1
840,2,1
645,6,0
542,4,0
887,0,1
692,2,0
772,8,0
626,5,0
271,1,1
66,3,0
181,9,0
582,2,1
748,0,0
605,9,0
844,9,0
270,3,0
881,4,0
200,6,0
435,2,0
801,9,1
234,4,0
25,0,1
554,2,0
10,6,0
432,4,1
805,0,0
742,4,0
917,2,0
790,1,0
763,1,0
924,9,0
446,9,0
347,1,1
463,5,1
233,2,0
29,6,1
857,9,0
463,1,0
638,1,0
204,7,0
121,2,0
482,8,0
92,5,0
69,1,1
332,7,1
382,1,0
417,8,0
63,9,0
934,2,0
250,7,0
85,3,0
137,1,1
791,9,1
465,0,0
452,8,0
505,0,0
606,1,1
650,8,0
344,4,0
279,8,0
436,1,0
479,6,0
146,9,0
614,6,0
921,3,1
560,1,1
826,4,1
533,0,0
867,5,0
432,7,1
450,0,0
887,1,1
227,1,0
465,4,0
850,8,1
551,4,0
359,4,1
719,1,0
681,8,1
894,9,0
761,0,0
739,1,0
169,5,1
495,0,0
351,5,1
581,4,0
152,3,1
239,9,0
697,7,0
831,9,0
916,1,1
458,3,0
387,6,0
573,6,0
542,7,0
81,2,0
438,6,0
56,1,1
634,9,0
669,3,0
917,1,0
500,0,0
90,5,0
269,3,0
494,4,0
345,4,0
721,8,0
209,6,0
280,8,0
629,7,0
930,0,0
849,3,1
683,7,0
504,8,0
82,2,1
360,0,0
705,9,1
927,3,1
11,2,0
456,3,0
185,4,0
455,9,0
3,8,0
915,7,0
594,6,0
652,9,0
236,4,0
393,3,0
447,5,1
494,9,1
429,2,1
794,6,0
677,6,0
523,0,1
485,6,0
169,4,1
722,6,0
936,3,0
28,2,1
551,2,0
454,1,0
544,7,0
892,3,0
840,1,0
857,8,0
145,1,1
941,5,0
545,4,1
293,5,0
804,7,0
657,0,0
54,3,0
469,6,1
865,0,0
132,1,0
606,2,1
128,9,1
689,9,1
648,1,1
87,4,1
790,5,0
516,6,1
770,0,1
437,2,0
716,4,0
780,1,1
714,3,0
488,7,0
614,7,0
373,1,1
84,5,0
396,2,0
384,5,0
146,8,0
940,2,0
552,2,0
507,9,1
606,3,0
419,1,1
681,6,1
741,1,1
557,9,0
150,4,1
709,0,0
679,4,1
601,3,0
680,6,0
653,3,0
593,4,0
450,5,0
568,2,0
97,1,1
394,0,0
867,4,1
271,8,0
427,5,0
683,5,0
331,0,0
747,0,1
257,3,0
280,4,0
277,0,0
715,0,1
359,1,1
278,8,0
136,6,1
3,4,0
417,7,0
831,1,1
391,7,0
525,2,0
143,5,0
23,0,1
164,9,1
753,8,1
625,1,1
393,0,0
629,2,1
525,3,0
941,8,0
187,9,0
546,3,1
708,1,1
484,3,0
441,9,0
432,0,0
745,1,0
160,7,1
700,4,1
584,4,0
250,8,0
838,2,0
794,2,1
654,7,0
217,1,0
28,5,1
742,1,0
214,3,0
297,6,1
349,7,0
159,6,0
150,1,1
403,7,0
279,0,0
861,8,0
454,0,0
185,5,0
825,3,1
179,5,1
910,7,0
15,9,0
419,2,1
601,1,1
898,9,0
406,0,0
378,3,0
403,3,1
104,6,0
62,6,0
504,4,0
890,5,0
472,4,1
301,5,0
596,1,1
608,1,0
533,8,0
303,8,0
153,1,0
64,2,0
74,7,0
767,2,1
488,9,0
291,1,1
363,2,1
360,6,1
621,3,0
757,3,0
22,3,0
417,2,0
529,6,0
885,2,0
95,0,1
642,8,1
394,3,0
684,0,0
811,6,1
301,2,1
628,8,0
176,4,0
650,4,0
4,7,0
231,1,0
674,7,0
642,4,1
166,7,0
257,4,1
401,0,0
293,2,0
327,4,0
226,5,1
311,1,1
336,2,0
564,5,0
46,9,0
328,1,0
617,8,0
800,1,0
913,7,0
201,0,0
535,2,1
517,1,1
893,5,0
194,8,0
663,7,0
19,7,0
262,7,0
901,0,1
325,0,0
68,7,0
738,0,1
500,6,0
929,1,0
241,6,1
921,1,0
653,6,0
437,7,0
70,0,0
654,1,1
513,3,1
655,8,0
806,7,0
402,6,1
727,4,0
56,9,0
594,2,0
497,1,1
458,4,0
504,2,1
674,9,0
371,4,0
752,7,1
802,5,1
313,4,0
189,2,0
299,0,0
330,1,1
449,7,0
895,0,0
923,8,0
512,5,0
65,8,0
555,1,1
488,6,0
253,2,0
660,4,0
246,7,1
468,1,1
287,2,1
927,8,1
59,7,1
257,5,0
294,8,0
669,9,0
719,8,0
86,6,0
290,1,1
783,5,0
563,1,1
445,4,0
252,9,0
878,2,0
320,8,0
532,3,0
326,1,1
150,2,0
610,0,0
6,0,0
223,8,0
743,7,0
630,8,0
501,2,0
307,0,1
938,4,1
717,2,0
353,6,1
700,1,1
222,4,0
673,7,0
930,6,0
888,6,1
239,1,1
9,8,0
899,5,1
601,2,0
608,2,0
106,2,0
885,1,0
93,3,0
893,3,0
554,0,0
637,1,0
809,6,0
425,1,1
878,4,0
40,5,0
362,9,1
315,3,0
365,7,1
655,5,0
580,7,1
541,3,0
402,4,0
681,7,0
275,8,0
400,6,0
702,5,1
723,1,0
596,8,0
923,0,0
467,7,0
785,8,0
350,0,0
216,4,0
65,3,0
494,0,0
45,3,0
658,4,0
277,2,0
63,4,0
682,8,0
24,2,1
536,0,1
380,5,0
748,6,0
852,0,0
938,0,0
49,9,0
630,9,0
663,6,0
916,4,0
95,6,1
577,8,0
817,3,0
901,4,0
315,2,1
184,4,0
757,0,0
190,9,0
184,5,0
18,4,0
307,4,1
708,0,1
119,8,0
480,1,0
177,9,0
478,7,1
177,8,0
685,7,0
723,5,0
535,4,0
264,2,1
668,7,0
370,1,0
268,6,1
325,6,0
824,8,0
909,9,1
349,3,0
24,7,0
734,7,0
548,6,0
793,8,1
29,8,0
265,4,0
161,2,0
526,8,0
827,6,0
487,3,0
757,4,0
524,6,1
934,4,0
194,4,0
47,6,0
372,7,1
865,2,0
186,3,0
388,2,0
424,0,0
760,4,0
320,0,0
862,5,1
468,5,0
385,6,0
204,0,0
245,4,0
451,5,0
704,6,1
234,2,0
254,5,0
130,9,1
673,9,0
351,6,1
805,7,0
11,6,1
823,4,0
615,8,0
186,2,0
799,1,0
233,3,0
30,5,1
850,3,1
768,3,0
943,1,0
595,7,0
532,9,1
332,0,0
447,2,1
889,9,0
267,4,1
256,0,1
770,1,0
101,7,0
346,2,0
930,3,0
104,2,0
100,5,0
16,2,1
198,2,0
623,3,0
99,7,0
232,4,0
159,7,0
100,8,0
401,6,0
308,0,0
279,7,0
83,4,0
8,5,1
305,5,0
193,8,0
882,3,0
119,5,0
441,3,0
221,2,1
634,7,0
66,8,0
207,4,0
399,4,0
125,5,1
241,7,1
474,7,0
377,2,0
879,4,0
689,4,1
646,7,0
536,1,1
215,5,0
386,3,0
463,2,0
45,7,0
105,5,1
393,5,0
40,9,0
570,5,0
158,8,0
381,8,1
809,9,0
796,1,1
26,7,0
608,8,0
116,1,0
330,2,0
722,3,1
423,9,0
544,6,0
533,3,0
776,1,1
438,4,0
279,1,0
307,3,0
718,9,1
293,8,0
184,6,0
444,6,0
730,5,1
273,6,0
82,8,0
205,9,0
272,1,0
413,4,1
705,1,0
758,5,0
422,1,0
416,5,1
643,2,1
144,1,1
249,3,0
747,6,0
479,3,0
204,6,0
185,1,0
274,7,0
514,2,0
697,1,1
285,6,0
198,1,1
910,9,0
647,8,0
666,1,0
665,8,0
194,2,0
409,7,0
101,1,0
517,8,0
520,8,0
740,7,0
291,7,1
875,8,0
277,5,0
761,4,1
108,4,0
634,1,0
679,2,0
362,7,0
639,9,0
89,0,1
534,7,0
399,3,0
775,5,0
37,3,0
550,9,0
854,0,0
177,1,1
782,8,0
672,1,0
745,2,1
277,3,0
349,2,0
380,6,1
135,5,0
213,4,0
524,1,0
119,1,1
729,9,0
238,9,0
357,3,1
339,7,0
425,4,0
642,5,0
525,9,0
218,2,0
575,8,0
881,6,0
72,4,0
593,2,1
376,7,0
128,8,0
609,8,0
291,8,1
867,6,1
128,4,0
786,3,0
285,2,0
69,7,1
772,7,0
763,5,0
308,3,0
652,8,0
383,2,0
149,9,0
194,0,0
45,2,1
907,6,1
630,0,0
180,3,1
773,7,0
387,2,1
556,7,0
288,5,0
577,3,1
378,2,0
167,7,0
619,7,0
144,0,0
157,6,1
370,8,0
749,9,0
834,9,0
821,3,0
461,5,0
301,7,0
247,4,0
795,3,0
534,3,0
625,8,0
30,8,0
10,2,1
932,3,0
197,1,1
459,0,0
588,4,1
630,1,0
303,3,0
601,4,1
711,6,0
889,8,0
834,2,0
540,8,0
386,4,0
847,5,1
749,8,0
49,4,0
434,3,0
834,4,1
196,6,1
554,4,0
653,1,1
52,2,0
393,2,0
355,9,0
398,2,0
360,5,0
905,5,0
329,8,0
608,7,1
11,5,1
618,4,1
892,7,0
721,7,0
144,6,0
212,6,0
367,1,1
567,4,0
421,2,0
635,9,0
447,6,0
487,2,1
385,2,0
779,8,1
175,2,0
461,8,0
672,4,0
708,4,1
220,7,1
683,8,0
403,5,0
38,8,1
501,8,0
338,8,0
261,7,0
778,3,0
326,0,0
348,7,1
263,5,0
354,2,1
644,8,0
917,0,0
126,5,0
181,6,0
355,6,1
586,7,0
648,0,1
21,1,0
295,2,1
57,2,1
793,2,0
326,4,0
766,8,0
717,9,1
448,6,0
353,9,0
102,4,0
393,8,0
234,5,0
521,4,0
487,9,1
662,2,1
536,4,1
590,2,1
770,7,0
308,7,0
2,1,1
411,0,0
305,1,1
666,3,0
847,7,0
636,5,1
779,1,1
606,7,0
389,4,0
679,6,1
334,7,0
422,4,0
443,8,1
392,9,0
910,1,1
644,9,1
269,2,1
49,1,0
923,7,1
783,9,0
218,8,0
179,7,1
632,2,0
673,5,0
181,7,0
674,8,0
363,4,1
665,6,0
244,5,1
675,5,0
450,2,0
391,1,0
575,1,0
693,3,0
107,6,0
223,6,0
750,9,0
933,1,0
870,5,0
50,6,0
163,7,0
735,1,1
403,4,0
277,1,0
659,8,0
446,6,0
592,6,1
518,3,1
232,2,1
161,6,0
63,5,0
542,3,0
43,0,1
432,2,0
677,9,1
589,8,1
715,2,0
365,5,0
495,4,1
824,7,0
770,2,1
548,7,0
716,3,1
902,1,1
166,5,0
166,8,0
456,6,0
281,5,0
299,9,0
721,9,1
387,0,0
722,8,0
429,1,1
232,0,0
288,6,0
54,2,1
889,5,0
781,4,1
1,1,1
79,6,1
602,3,0
8,8,0
721,4,1
557,8,0
461,1,0
449,6,0
886,0,0
661,4,1
644,2,0
265,8,0
213,3,1
818,5,0
181,2,0
910,3,0
255,3,0
459,8,1
280,2,0
886,7,0
180,5,1
703,3,1
451,6,0
554,8,0
856,9,0
291,2,1
552,7,0
435,4,1
689,5,1
249,8,0
703,8,0
276,7,0
247,9,0
805,2,1
25,3,0
601,8,0
33,5,0
591,2,1
288,8,0
682,2,0
587,5,0
409,2,1
444,1,1
210,9,0
213,2,1
942,1,1
714,9,1
880,8,0
160,0,0
345,0,0
61,9,1
42,0,1
173,5,0
307,2,0
430,5,0
497,2,0
459,9,0
207,6,0
345,2,1
752,5,0
33,9,0
82,6,0
603,1,1
391,8,0
44,0,0
762,6,0
313,2,1
120,1,0
542,2,0
687,9,0
648,4,1
178,1,1
73,6,0
477,8,0
365,8,0
406,4,1
198,5,0
200,8,0
402,5,0
254,1,1
422,0,0
490,0,0
507,5,0
634,0,0
661,1,1
238,3,0
848,8,1
119,4,0
62,7,0
268,7,0
305,3,0
465,5,1
699,7,0
57,3,0
299,8,0
94,0,0
561,1,0
56,0,0
452,2,1
766,4,0
708,5,1
549,0,1
320,9,0
564,1,0
614,8,0
307,5,1
34,7,0
223,9,0
276,4,1
94,6,0
83,9,0
109,2,0
551,7,0
1,0,1
324,9,1
644,1,0
645,5,0
32,1,0
392,7,0
13,6,0
328,9,1
624,5,0
300,9,0
205,6,0
437,1,1
690,8,0
556,6,0
121,3,0
237,2,1
410,5,0
295,1,1
251,0,0
764,2,0
453,7,0
717,5,1
824,6,0
618,0,0
797,8,0
234,9,0
455,3,0
252,6,1
602,9,0
141,3,0
507,7,1
478,1,0
793,7,0
277,4,0
62,2,0
15,1,1
937,8,0
903,7,0
540,3,0
854,2,1
935,3,0
546,1,1
486,1,1
416,4,1
755,9,0
795,4,0
942,5,0
63,2,1
885,4,0
523,4,1
706,7,0
432,1,1
748,5,1
313,0,0
27,2,1
214,8,0
782,6,0
527,6,0
566,3,0
781,8,0
256,4,0
221,3,0
609,7,0
869,8,0
497,5,0
414,8,0
435,7,0
35,9,1
129,5,0
558,6,0
54,7,0
709,3,0
936,1,0
463,6,0
440,9,0
792,2,0
863,6,1
470,8,0
533,1,1
47,5,0
227,7,0
774,5,0
751,4,1
64,0,0
652,6,0
940,1,0
735,6,1
242,8,0
501,4,0
874,6,0
489,9,1
580,3,0
94,5,1
566,7,0
338,6,0
555,7,0
327,7,0
661,5,0
626,6,1
736,8,0
748,9,0
7,1,1
619,1,0
580,0,0
2,7,0
407,4,0
44,8,0
65,2,0
832,5,0
547,5,0
430,8,0
217,9,0
599,7,0
894,2,0
425,2,0
935,2,0
842,5,0
682,3,0
645,7,0
882,1,1
530,4,0
660,3,0
467,1,0
309,6,0
712,1,0
389,2,1
737,5,1
881,1,0
455,0,0
15,5,0
802,8,0
65,1,1
346,1,1
414,2,1
891,1,0
483,4,0
11,9,0
637,9,0
223,0,0
32,7,0
149,5,0
726,0,0
676,7,0
119,6,1
807,0,0
694,9,0
123,7,0
143,8,0
506,5,0
772,9,0
901,8,0
56,8,0
468,4,0
267,1,1
121,8,0
504,5,1
807,1,1
738,5,0
643,3,0
587,6,0
779,3,0
794,1,1
768,1,0
286,3,0
399,7,0
798,5,0
92,1,1
239,4,0
221,1,0
81,0,0
430,9,0
774,2,0
487,7,0
450,4,0
520,2,0
334,9,0
699,6,0
502,7,1
311,4,0
130,5,0
459,4,0
840,3,0
829,2,0
597,4,0
714,2,0
786,0,0
527,2,1
6,5,0
437,3,0
771,1,0
745,4,0
698,8,0
922,4,1
53,2,1
87,1,1
377,8,1
629,1,1
314,0,1
758,1,0
687,8,0
927,0,1
906,6,1
207,5,0
281,7,0
339,0,1
685,6,0
829,8,0
64,1,1
621,2,1
702,9,0
450,9,0
751,0,0
676,5,0
364,6,1
184,2,1
721,6,1
797,9,0
354,5,0
659,3,0
679,1,1
497,3,0
55,1,0
724,5,0
925,7,1
490,6,0
125,9,1
278,7,1
581,2,1
4,8,1
314,7,1
279,4,0
754,6,0
843,4,0
422,5,0
366,7,0
864,2,1
505,3,0
430,4,0
713,9,0
702,8,0
711,4,0
727,8,0
793,4,0
540,9,0
938,2,1
785,0,0
397,2,1
348,0,0
405,1,1
222,1,0
756,9,0
157,5,0
499,4,0
800,3,0
425,6,0
311,0,0
484,4,1
324,8,1
730,9,0
446,7,0
363,5,0
625,5,0
30,4,0
190,8,0
294,3,1
15,0,0
347,6,0
747,7,0
182,3,0
390,2,1
704,9,0
775,6,0
781,6,0
844,8,0
309,9,0
457,0,0
478,9,0
599,8,0
58,3,0
770,4,0
618,2,0
702,7,0
612,2,0
615,9,0
597,1,1
629,8,0
74,5,0
336,8,0
303,6,1
110,8,0
534,6,0
919,1,0
610,7,0
248,3,0
195,9,0
588,2,0
548,1,1
756,4,0
472,8,0
488,0,0
472,1,1
694,3,1
57,1,1
234,1,0
758,3,0
354,1,0
786,4,0
341,8,0
203,7,1
830,8,0
213,8,0
21,8,0
563,8,0
755,7,0
635,8,0
907,3,0
413,1,1
403,2,1
381,0,1
495,1,1
838,9,0
108,8,0
182,0,0
200,3,1
141,8,0
249,1,0
776,4,0
777,6,0
447,7,0
455,5,1
435,5,0
109,4,1
631,7,0
541,0,0
296,5,1
305,6,0
359,6,1
479,2,0
806,1,1
159,5,0
483,1,1
651,6,0
209,5,0
873,9,0
843,0,0
530,1,0
311,9,0
555,5,0
359,0,0
134,0,1
823,1,1
218,7,0
660,8,0
322,5,0
940,6,0
138,2,1
197,7,0
121,9,0
119,3,0
177,4,0
72,1,0
222,0,0
480,2,0
45,4,0
780,6,0
158,2,1
69,8,0
923,2,1
661,9,0
866,9,0
832,8,0
360,1,0
836,7,0
178,8,0
521,2,0
907,8,0
843,1,0
854,8,0
655,4,0
765,1,0
865,8,0
503,1,1
555,2,1
817,8,0
666,2,0
4,9,1
653,2,0
110,5,0
334,5,0
521,0,0
837,8,0
465,6,0
142,4,1
44,1,1
773,5,1
564,4,0
538,2,0
223,3,0
300,2,0
621,4,1
529,5,0
256,7,1
908,4,0
28,8,0
503,0,1
710,1,0
294,2,0
73,2,0
451,8,1
23,2,1
379,9,0
302,8,0
141,0,0
250,4,0
159,8,0
44,3,0
545,3,1
94,2,1
840,4,0
735,2,0
61,5,0
49,8,0
66,4,1
727,3,0
806,5,0
275,9,0
361,1,1
234,7,0
765,6,1
666,9,0
838,1,1
703,1,1
903,1,1
342,7,1
820,6,0
56,4,1
895,8,0
365,2,1
880,7,0
76,7,0
699,4,0
540,0,0
615,6,0
19,5,0
424,5,0
274,4,1
792,0,0
468,6,0
698,0,0
37,1,1
464,1,0
116,6,0
488,8,0
578,7,0
207,3,0
602,1,1
804,4,1
287,4,0
703,9,0
44,5,0
145,4,1
883,0,0
639,2,0
323,8,0
555,4,1
379,0,0
168,0,1
919,6,0
650,7,0
344,7,0
145,5,0
597,0,0
229,6,0
923,4,1
155,8,0
622,2,1
701,2,1
417,3,0
246,8,0
139,2,1
697,4,0
843,3,0
466,7,0
635,0,0
682,1,1
5,4,1
423,2,1
942,9,1
879,8,0
173,8,1
178,4,1
427,9,0
397,1,1
905,8,0
283,7,0
724,9,0
130,7,1
934,3,0
471,0,0
856,6,0
676,1,1
701,0,0
699,1,0
274,8,0
491,6,0
285,9,0
385,4,0
174,2,1
532,0,1
258,6,1
757,5,1
624,6,1
800,9,0
253,1,0
115,2,1
308,1,1
513,1,1
896,4,1
881,0,0
460,5,0
189,8,1
610,8,0
940,5,1
378,8,0
293,7,0
557,1,0
924,3,0
872,9,1
919,2,1
814,2,0
198,3,0
550,7,1
518,0,0
248,1,1
663,1,1
839,4,0
327,6,0
828,6,0
724,8,0
943,4,0
933,0,0
508,1,1
410,6,0
838,4,1
620,8,1
470,5,0
130,4,1
79,2,1
932,0,0
698,2,0
40,6,0
420,6,0
13,2,1
552,9,0
812,7,0
825,6,0
655,2,0
6,2,1
535,5,1
201,6,0
445,0,0
739,7,0
12,1,0
915,6,0
789,6,0
580,9,0
276,0,1
24,8,0
732,9,0
603,7,0
438,0,0
504,9,0
158,1,0
810,9,1
532,4,1
793,0,0
621,9,0
231,4,0
59,1,1
131,6,1
185,6,0
690,0,0
380,1,0
297,1,1
96,4,1
108,1,0
817,9,0
12,9,0
890,3,0
895,1,1
32,2,0
100,7,0
354,4,0
255,7,0
553,4,0
533,6,0
193,9,0
330,4,1
312,3,0
21,6,0
7,4,0
109,0,0
486,0,0
589,5,0
343,3,0
480,5,0
664,0,0
525,4,0
537,7,0
717,1,0
491,5,0
749,4,1
335,9,1
371,0,0
870,6,0
899,3,1
549,5,1
668,6,0
539,5,0
847,1,0
132,2,0
717,3,0
46,6,1
407,7,0
141,9,1
162,3,0
433,6,1
795,2,1
604,7,0
363,1,1
402,1,0
746,1,1
758,2,1
72,3,0
788,9,1
774,8,0
356,7,0
91,1,1
464,6,0
336,7,0
336,3,0
788,3,0
747,5,0
295,4,0
693,9,0
210,4,1
509,1,1
660,2,0
59,0,0
150,0,0
117,1,1
493,0,0
344,3,0
839,0,0
447,4,1
805,3,0
750,8,0
168,5,0
211,9,0
804,1,0
616,7,0
199,2,0
338,2,0
744,0,0
99,1,1
311,3,0
800,8,0
263,9,0
475,2,1
728,2,1
679,8,0
127,7,1
576,0,0
329,9,0
345,3,0
10,1,1
345,1,1
67,0,0
393,7,0
178,3,1
230,3,0
194,6,0
624,2,1
476,8,0
825,7,0
498,2,0
892,1,1
447,8,0
126,7,0
320,3,1
528,4,1
742,2,1
919,8,0
714,8,0
467,4,0
668,1,1
327,1,0
710,8,0
522,2,1
270,6,1
433,1,1
899,0,0
479,8,0
332,4,1
545,0,1
90,9,0
517,5,1
293,0,0
479,4,1
654,2,0
382,2,0
62,1,1
620,9,0
406,3,1
417,4,0
407,1,0
221,4,0
203,8,0
753,4,0
579,1,1
552,4,0
804,0,1
437,6,0
97,0,0
232,6,0
347,5,0
133,5,1
823,8,0
157,2,1
160,2,1
876,7,0
250,2,1
356,8,0
274,9,1
902,0,1
651,8,0
664,1,1
903,4,0
622,8,0
470,7,0
852,4,0
597,6,0
382,5,0
210,1,1
871,6,0
508,3,0
831,8,0
414,7,1
387,1,1
908,1,0
249,5,1
168,4,0
27,1,0
296,6,1
587,8,0
907,2,1
434,7,1
463,7,0
718,3,0
310,8,0
811,9,1
864,1,1
451,9,0
921,0,0
126,6,0
862,4,1
930,9,0
527,1,0
174,7,0
299,7,0
693,1,0
429,3,0
201,7,0
896,2,0
128,5,0
428,9,1
467,2,1
334,2,1
570,6,0
389,1,1
649,0,1
723,0,0
689,0,0
18,6,1
796,5,0
307,6,0
211,4,0
647,9,0
832,1,0
329,6,0
213,7,0
482,7,0
768,2,1
121,1,1
478,2,1
280,1,0
126,9,0
917,3,0
407,6,0
839,1,1
682,5,0
321,2,0
265,7,0
232,8,0
741,3,0
669,1,1
462,7,1
236,2,0
797,1,1
620,1,0
104,7,0
100,6,0
378,5,0
470,6,0
582,1,1
92,2,1
489,8,0
483,5,0
847,4,0
22,8,0
292,7,0
774,9,0
111,6,0
178,6,0
116,5,0
807,9,1
459,5,0
20,7,0
892,0,1
664,2,1
309,5,1
69,5,0
559,8,0
327,8,0
898,6,0
270,1,1
159,3,0
549,7,0
574,2,1
506,8,0
284,6,0
417,1,0
576,4,0
680,1,1
327,9,0
396,3,1
193,3,0
82,4,0
123,2,0
771,6,0
678,9,0
27,3,0
333,8,0
682,9,0
674,4,0
591,9,0
442,6,0
889,2,0
812,6,0
103,4,0
674,1,0
537,3,0
535,1,1
137,4,1
560,7,0
298,1,1
297,2,1
396,7,0
538,3,0
255,5,0
714,1,1
16,9,1
450,3,0
27,6,0
751,2,0
458,6,0
252,2,1
606,0,1
144,5,0
618,3,0
177,7,1
282,8,0
217,3,0
144,2,1
323,4,1
595,5,0
267,8,0
759,0,1
853,9,1
884,5,1
525,0,0
499,2,0
935,6,1
859,7,0
96,0,1
425,7,1
831,7,0
419,6,0
786,2,0
894,7,0
438,1,1
43,1,0
727,2,0
571,4,0
113,9,0
484,9,0
569,7,0
321,1,0
562,4,0
304,6,0
467,0,0
717,8,0
416,3,1
868,4,1
493,4,1
552,1,0
842,7,0
732,6,1
792,3,0
229,5,0
265,1,0
788,6,1
910,4,0
476,9,1
688,7,1
338,0,0
379,6,0
468,0,1
344,1,1
357,8,0
576,1,0
554,3,0
390,0,1
342,6,0
371,1,0
758,8,1
381,3,0
217,4,0
540,2,1
215,7,0
292,2,1
53,4,0
545,1,1
195,2,1
182,4,1
227,6,0
184,0,0
239,6,0
533,5,0
317,7,0
345,7,0
521,1,0
507,3,1
118,2,1
292,4,0
871,1,1
375,7,0
529,8,0
732,8,0
214,4,0
767,0,1
934,6,0
509,9,0
503,4,1
884,9,0
246,1,1
420,2,1
16,6,0
284,5,0
256,1,0
916,2,1
352,4,0
926,7,0
552,3,0
623,7,0
727,0,0
229,9,0
387,4,0
263,0,1
871,9,0
896,5,1
653,9,0
739,6,0
425,8,0
2,2,1
913,5,0
830,2,1
569,2,1
397,7,0
503,6,0
633,3,0
795,0,0
819,6,1
71,2,0
887,8,1
470,4,0
561,0,0
801,7,1
464,4,0
810,6,0
46,7,0
655,1,0
414,9,0
490,5,0
406,8,0
539,1,0
188,9,0
575,4,0
921,8,0
865,5,0
706,1,1
873,6,0
413,5,0
621,1,1
153,8,0
275,3,0
424,6,0
665,2,0
452,6,0
250,5,0
216,0,0
230,8,1
60,6,1
748,1,1
84,0,0
186,7,0
7,9,0
644,5,0
5,2,1
344,6,0
13,5,0
428,7,0
102,8,0
1,2,1
289,3,0
234,8,0
622,4,1
460,2,1
123,6,1
276,5,1
582,8,0
886,2,0
282,9,0
339,6,1
871,3,0
186,5,0
884,2,1
909,8,0
144,7,0
271,9,0
283,8,0
622,3,0
825,8,0
548,4,0
596,4,0
146,6,0
589,6,0
475,1,1
343,1,1
773,1,1
466,3,0
653,8,0
379,4,0
622,1,1
6,6,0
878,6,0
213,1,1
517,0,0
834,6,0
346,8,0
151,9,0
510,9,1
524,4,0
808,8,1
764,8,0
192,3,0
679,7,0
354,6,0
424,2,1
518,2,0
620,2,0
301,4,1
440,5,0
894,0,0
202,5,0
560,0,0
753,1,0
57,7,0
745,6,0
194,1,0
89,2,1
374,7,0
790,0,0
256,3,1
737,2,1
377,7,1
409,9,0
587,9,0
931,4,0
593,1,0
385,1,0
926,5,0
109,7,1
393,4,0
347,0,0
894,5,0
790,7,0
2,5,0
703,4,1
530,2,0
727,1,0
271,2,1
742,5,1
913,2,0
26,6,0
329,2,0
557,7,0
853,6,0
343,5,1
561,6,0
455,1,1
150,7,0
764,3,1
363,3,0
8,1,1
297,5,1
127,6,0
627,7,0
206,5,0
304,7,0
851,5,0
162,4,0
210,3,0
800,4,0
816,7,0
325,4,0
927,9,1
734,1,0
808,6,0
75,8,0
360,4,0
703,2,0
54,4,1
248,4,0
125,4,1
860,9,0
540,4,0
337,4,0
931,1,0
361,6,1
813,9,0
84,8,0
191,9,0
583,2,1
858,4,0
796,4,1
854,7,1
863,9,1
538,4,0
606,8,0
548,5,0
604,2,1
474,6,1
883,6,0
582,5,0
455,2,0
826,1,1
538,5,0
486,5,1
818,6,0
81,7,0
666,8,0
468,3,0
18,1,0
43,2,0
730,8,0
489,6,0
791,7,0
505,1,0
715,3,0
907,4,0
234,6,0
66,0,0
268,8,0
634,5,0
322,1,1
796,6,0
109,8,0
512,1,1
564,3,0
933,4,0
447,0,0
706,8,0
909,6,0
446,8,0
276,9,0
116,9,0
481,2,0
893,8,0
843,9,0
479,1,0
368,1,0
214,1,0
711,1,0
107,9,0
168,3,0
511,7,0
768,7,0
103,1,1
43,4,0
379,8,0
779,4,1
536,3,0
612,0,0
602,8,1
197,5,0
890,4,0
576,2,0
815,3,0
883,2,0
474,4,1
493,9,0
113,1,1
380,9,0
224,5,0
857,5,1
506,1,1
846,1,1
145,0,0
734,8,0
251,3,0
920,5,0
327,0,0
431,9,0
263,2,1
894,6,1
850,9,1
359,3,0
395,6,0
151,5,1
497,9,0
432,9,0
120,6,1
474,2,1
863,5,1
636,2,1
758,9,0
569,3,0
442,3,0
271,6,0
463,3,0
844,5,0
782,1,0
8,4,0
869,1,0
424,7,0
791,4,1
216,6,0
291,0,1
464,7,0
676,0,1
577,1,0
937,9,0
57,5,1
457,2,1
595,2,0
52,7,0
68,1,1
518,7,0
541,4,1
269,4,0
129,9,0
829,6,0
498,1,0
815,1,1
633,7,0
725,9,0
409,1,1
711,3,0
574,5,1
906,2,0
96,1,1
569,6,1
806,3,0
162,0,0
457,5,1
826,5,0
300,8,0
721,5,0
213,6,0
459,6,0
807,3,0
334,3,0
203,5,0
346,3,0
574,9,0
474,5,0
483,0,0
605,8,0
870,1,0
865,3,0
822,0,0
502,5,0
325,2,0
95,8,0
731,0,0
195,5,0
697,6,0
567,0,0
378,6,1
230,2,0
202,0,0
71,1,0
56,3,1
454,4,0
2,9,0
585,6,0
922,1,1
553,0,0
168,7,0
231,9,0
254,0,0
92,8,0
548,0,0
623,5,0
373,6,0
838,5,1
100,9,0
191,7,0
514,0,1
701,6,0
248,0,0
115,4,0
130,1,1
676,9,0
474,3,0
439,3,0
706,4,0
442,4,0
143,6,0
844,1,1
301,8,0
18,0,1
343,0,1
889,1,0
763,6,0
422,8,0
459,2,0
864,7,1
808,9,0
872,8,0
757,1,0
177,2,1
529,9,0
769,3,0
484,8,0
551,6,0
426,1,0
123,8,0
817,7,0
154,6,0
39,7,1
401,1,0
470,1,1
770,5,1
324,0,1
155,9,0
887,7,0
684,3,0
247,2,0
566,4,0
189,1,1
904,4,0
48,6,0
805,4,0
189,3,0
109,3,1
883,1,0
593,3,0
428,6,0
747,1,1
263,1,1
493,5,1
915,5,0
529,7,0
423,6,0
352,1,1
624,4,0
848,1,1
58,2,1
900,8,0
392,5,0
905,9,0
99,5,1
570,7,0
86,7,0
435,0,1
769,0,0
180,4,0
286,1,0
668,5,0
49,3,0
190,3,0
812,9,1
145,9,0
592,0,0
199,8,0
740,8,0
788,0,0
649,4,0
505,4,0
140,8,0
62,5,1
220,5,0
399,0,0
298,3,0
30,1,0
183,4,0
71,4,0
862,2,1
24,9,0
367,5,0
263,4,0
151,2,0
592,4,0
629,5,0
659,4,0
771,0,1
99,2,1
773,2,0
766,1,0
625,2,0
623,4,1
569,8,0
388,3,0
726,8,1
408,9,0
303,2,1
806,0,0
312,2,0
503,3,0
348,3,1
551,9,0
625,9,0
504,7,1
811,8,0
671,5,1
397,4,0
190,5,0
251,7,0
153,5,1
484,1,1
133,6,0
546,9,0
939,5,0
660,0,0
725,2,1
50,2,0
443,5,1
342,8,0
698,1,1
213,0,0
613,5,1
188,2,0
26,5,0
62,3,0
906,9,0
544,9,0
435,8,0
711,7,0
668,9,0
215,1,1
26,2,1
608,9,0
236,8,0
280,0,0
209,4,0
297,7,0
103,8,0
416,2,1
849,7,1
716,0,1
17,6,0
617,2,0
198,9,0
46,8,0
294,7,1
257,6,1
59,4,1
903,0,0
796,3,1
719,3,0
442,7,0
26,1,0
332,1,1
256,2,0
872,3,0
188,8,0
483,6,0
613,0,0
130,8,1
327,3,0
409,4,0
645,1,0
317,9,0
658,2,0
699,5,1
406,1,1
431,6,0
303,0,1
357,0,1
117,5,0
631,8,0
472,3,1
582,0,0
99,8,0
65,0,0
910,0,0
127,5,1
109,5,1
674,3,0
432,8,0
238,8,0
779,0,0
887,2,0
339,4,0
807,5,0
352,2,0
134,9,0
152,6,1
695,9,0
572,2,0
250,0,0
926,6,0
243,0,0
535,6,0
308,2,1
251,8,0
128,1,0
343,2,1
537,9,0
120,3,0
400,7,0
546,6,0
79,0,0
693,4,0
242,0,0
148,1,1
525,7,0
791,8,0
730,0,0
827,5,0
46,1,0
318,3,0
630,4,0
335,5,0
124,0,0
657,8,1
817,0,0
72,0,0
404,9,0
662,6,0
488,5,0
650,1,1
329,7,0
58,9,0
601,5,1
888,2,0
920,9,0
796,0,0
813,8,0
836,6,0
598,5,1
318,8,0
303,1,1
163,6,0
637,2,0
436,7,0
680,0,0
190,2,0
378,7,0
862,3,1
546,2,0
25,1,1
39,5,0
513,4,1
262,8,0
609,5,0
852,2,0
617,7,0
305,9,0
475,5,0
240,7,1
222,2,1
869,2,1
722,2,0
597,9,1
113,5,1
494,6,0
551,8,0
311,2,0
26,9,0
347,4,1
519,7,0
697,0,1
858,2,0
49,0,0
699,8,0
241,8,0
274,1,1
569,5,1
368,4,0
588,7,0
920,6,0
581,1,0
457,3,0
447,1,1
705,3,1
379,1,0
41,6,0
33,8,0
145,8,0
13,3,1
323,7,0
819,9,1
580,6,0
620,4,0
632,7,0
267,3,0
236,1,0
95,4,0
395,3,0
779,9,0
880,4,1
117,4,1
182,1,1
424,8,1
940,9,1
405,4,1
120,5,1
500,1,0
595,3,0
722,9,0
689,1,1
373,2,0
733,5,0
797,6,0
931,9,1
26,3,0
84,2,0
705,0,1
415,5,0
513,5,0
188,1,0
837,6,0
482,6,0
85,1,1
786,1,0
892,9,0
176,7,0
708,8,0
897,0,1
305,4,0
916,3,0
471,1,0
81,3,0
76,3,0
676,6,0
657,9,0
895,4,1
693,7,0
324,7,1
891,2,1
431,8,1
262,4,0
275,4,0
596,7,0
520,6,1
35,5,0
454,3,0
540,5,0
197,8,0
784,5,1
752,9,0
592,7,1
511,9,0
408,8,1
924,1,1
112,5,0
551,3,1
665,3,0
493,1,1
75,0,0
749,5,0
734,3,0
566,2,1
453,5,0
878,5,0
380,2,0
785,7,0
697,8,0
353,5,1
704,1,1
10,8,0
453,4,1
183,8,0
756,3,0
768,9,1
154,1,1
102,3,0
586,1,0
370,4,0
42,8,0
267,2,1
158,3,0
265,9,1
775,9,0
655,6,0
291,3,0
815,4,1
176,1,1
258,5,0
616,9,0
177,0,0
170,8,0
745,0,0
245,9,0
200,1,1
170,5,0
816,8,1
46,4,0
287,0,1
580,4,1
602,0,0
387,3,0
743,2,1
462,4,0
251,9,0
211,6,0
90,2,1
929,2,0
9,6,1
361,5,0
249,0,0
201,1,0
506,9,0
636,3,1
177,3,0
274,5,1
350,6,1
650,2,0
574,6,0
782,7,0
337,1,1
367,2,1
714,5,0
494,8,0
647,3,0
173,6,1
422,6,1
537,6,0
298,8,0
777,0,0
17,0,0
406,2,0
412,0,0
94,7,0
907,0,1
658,0,0
875,4,0
332,8,1
516,4,0
16,0,1
395,0,1
854,5,0
798,3,1
404,5,0
666,5,0
618,1,1
339,5,0
649,3,0
626,8,0
238,5,0
937,1,1
191,6,0
425,0,0
345,5,0
263,8,0
361,2,1
271,5,0
382,6,0
356,5,1
789,1,1
290,0,1
419,4,0
151,4,1
655,3,0
872,0,0
936,5,0
3,7,0
560,4,0
580,2,0
388,5,1
334,4,0
147,5,0
64,9,0
268,1,1
896,3,0
933,2,1
574,7,0
2,6,0
169,9,1
145,6,0
316,2,0
200,7,1
735,0,0
23,5,1
13,1,1
17,8,0
531,6,1
814,7,0
7,3,1
94,3,0
313,9,0
936,4,0
788,8,0
66,7,0
860,6,0
535,9,0
2,0,0
171,7,0
730,2,1
549,4,0
680,8,0
678,1,0
928,7,0
455,7,0
57,0,1
47,7,0
835,0,0
22,1,1
748,4,0
650,5,0
318,6,0
455,6,1
320,1,0
345,9,0
935,4,0
220,6,1
644,3,1
589,9,1
806,2,0
49,5,0
265,2,1
342,2,1
103,3,0
896,9,0
296,3,1
698,5,0
142,8,0
578,8,0
391,2,0
297,8,0
178,0,0
72,2,1
876,6,1
406,6,0
797,4,1
124,1,0
528,8,0
296,1,1
747,2,1
879,0,0
435,3,0
158,0,0
638,2,0
325,1,1
741,4,0
838,3,0
729,7,0
493,2,1
832,7,0
178,5,0
790,2,0
572,3,0
34,6,1
131,0,0
30,6,1
380,3,0
882,4,1
144,9,0
58,0,1
749,1,1
260,9,0
592,3,0
751,3,0
943,3,0
17,2,0
515,8,0
45,1,1
518,9,0
403,1,1
537,8,0
456,8,0
5,3,0
346,9,1
268,3,0
222,5,1
751,9,0
318,2,1
301,0,0
472,0,1
663,9,0
892,4,0
787,6,0
271,4,1
735,7,0
677,0,0
787,7,0
850,4,1
323,9,0
919,9,0
22,5,1
76,5,0
528,1,1
601,7,0
7,5,0
297,4,0
372,2,0
217,5,0
510,5,0
183,5,0
